feature,importance
Family_History,0.002121337497513265
Obesity_BMI,0.0009404204247155268
Diet_Risk,7.215415237453726e-05
Age,-0.0005492069974929681
Screening_History,-0.0012445836145900334
Alcohol_Consumption,-0.002335240646711001
